firstName,lastName,password,phoneNo,DOB,employeeID,SSN,email
Jennifer,Cantu,#E^9FcdXXy,051-098-5017x55021,11/06/2010,636339,8185,lixuhoze@brand-app.biz
Brandon,Bridges,w2%*CipB#B,001-545-557-8900,04/22/1989,736839,1578,quqawivy@socam.me
Jared,Prince,xiCz2YTH+&,(832)820-9249x99806,06/13/1926,260649,3464,futuli@afia.pro
James,Hudson,V@5KQHg@a$,391.318.7335x151,11/08/2002,346245,9683,sibely@finews.biz
Kim,Palmer,h+1I6yBkU7,(625)767-2686x88594,02/07/1930,634146,3014,bonyfy@socam.me
Chris,Garcia,@WMFjz(MO3,039-902-3381,01/24/1922,322193,8665,kufuwidy@brand-app.biz
Patrick,Brown,juQ1)Pt_#2,001-591-605-4061x94221,12/12/1983,358468,8143,syhizuta@lyft.live
John,Arnold,)$%6T0qyzd,(622)174-1073,01/10/2002,891816,4930,kesuvumy@clout.wiki
Jennifer,Wade,$9d(e%Ya0G,(724)947-9789x462,06/12/1951,768978,7564,nometibe@clout.wiki
Sandra,Dickson,npG0RPv(B#,321-547-2828,01/08/2010,706295,8867,lolelide@socam.me
Troy,Jackson,19jloxEq^X,500-559-0745x3845,03/23/1936,261362,4593,tifohoby@hexi.pics
